Bart,122555881014000,-0.2992752194,4.9200844765,8.398859024
Bart,122555891069000,-0.3926490843,4.872200489,8.2599954605
Bart,122555900936000,-0.4357447028,4.8578352928,8.1761989594
Bart,122555910951000,-0.4118026793,4.8650178909,8.2312650681
Bart,122555921019000,-0.2849099934,4.8865656853,8.4012527466
Bart,122555931079000,-0.1244984865,4.955997467,8.6430673599
Bart,122555940964000,0.0071826074,5.0469770432,8.8824882507
Bart,122555950907000,0.0933738649,5.1116204262,8.9902267456
Bart,122555961071000,0.0981622785,5.0996494293,8.9543142319
Bart,122555972802000,0.0478840396,5.0206408501,8.7579898834
Bart,122555981837000,-0.0311246216,4.9248728752,8.5257520676
Bart,122555991806000,-0.1053448766,4.8698062897,8.3198509216
Bart,122556003872000,-0.1963245422,4.8841714859,8.1163434982
Bart,122556012546000,-0.2418143749,4.9152960777,7.9774799347
Bart,122556022601000,-0.2633621693,4.929661274,7.9080481529
Bart,122556032614000,-0.2729389966,4.9392380714,7.8553757668
Bart,122556042642000,-0.2513911724,4.9536032677,7.8625583649
Bart,122556052259000,-0.2537853718,4.9775452614,7.8984713554
Bart,122556062259000,-0.2657563984,5.0110640526,7.8984713554
Bart,122556070969000,-0.2729389966,5.0421886444,7.9702973366
Bart,122556081092000,-0.2801215947,5.0278234482,8.1450748444
Bart,122556091009000,-0.2418143749,5.0014872551,8.3461875916
Bart,122556100977000,-0.2298433781,4.9679684639,8.5281467438
Bart,122556111132000,-0.2801215947,4.929661274,8.5832138062
Bart,122556121141000,-0.390254885,4.910507679,8.4563207626
Bart,122556130934000,-0.538695395,4.9009308815,8.238448143
Bart,122556140926000,-0.6440402865,4.8961424828,8.051700592
Bart,122556153042000,-0.6751648784,4.9009308815,7.9415669441
Bart,122556161824000,-0.6655880809,4.9320554733,7.9248075485
Bart,122556171836000,-0.6655880809,4.9679684639,7.9487495422
Bart,122556182566000,-0.6799532771,5.013458252,7.915230751
Bart,122556193914000,-0.7326257229,5.0637364388,7.8457989693
Bart,122556202364000,-0.7781155705,5.1044378281,7.721300602
Bart,122556212946000,-0.7805097699,5.1379570961,7.5752544403
Bart,122556221304000,-0.7565677762,5.1427454948,7.4938516617
Bart,122556231094000,-0.7038952708,5.130774498,7.5034284592
Bart,122556242339000,-0.6272808313,5.1475338936,7.6614456177
Bart,122556251417000,-0.5722141862,5.1595048904,7.922413826
Bart,122556261416000,-0.5243301988,5.1690816879,8.2408418655
Bart,122556272732000,-0.4620809555,5.1547164917,8.5113868713
Bart,122556281826000,-0.4094085097,5.0876784325,8.6837692261
Bart,122556291821000,-0.3591302633,5.0445828438,8.7723550797
Bart,122556303822000,-0.3184288144,5.0421886444,8.7627782822
Bart,122556312594000,-0.2801215947,5.0828900337,8.7172889709
Bart,122556322489000,-0.2418143749,5.1211972237,8.6574335098
Bart,122556332336000,-0.2130839527,5.1259856224,8.6023664474
Bart,122556342617000,-0.1915361434,5.1068320274,8.5903959274
Bart,122556352277000,-0.155623123,5.078101635,8.6598272324
Bart,122556362196000,-0.1532289088,5.0637364388,8.7579898834
Bart,122556370997000,-0.1340752989,5.0757074356,8.8920650482
Bart,122556381174000,-0.0718260482,5.0900726318,9.0237455368
Bart,122556391021000,-0.0263362154,5.078101635,9.0955715179
Bart,122556400922000,0.0550666377,5.0757074356,9.0740242004
Bart,122556411016000,0.1197100878,5.0709190369,8.9495258331
Bart,122556423086000,0.1436521113,5.078101635,8.710105896
Bart,122556431837000,0.141257897,5.0996494293,8.4275894165
Bart,122556441839000,0.114921689,5.1164088249,8.1402854919
Bart,122556452947000,0.0790086612,5.142745018,7.9176249504
Bart,122556462164000,0.0502782352,5.1738696098,7.831433773
Bart,122556472164000,0.011971009,5.1738696098,7.8434047699
Bart,122556482211000,-0.0430956297,5.1738696098,7.9774799347
Bart,122556493861000,-0.0239420161,5.1403508186,8.1857757568
Bart,122556502514000,0.021547813,5.0709190369,8.3773117065
Bart,122556512234000,0.100556463,5.039794445,8.5712423325
Bart,122556522214000,0.2322375476,5.0230350494,8.690952301
Bart,122556532559000,0.3064578176,5.0302176476,8.7484130859
Bart,122556542254000,0.3423708379,5.0876784325,8.7460184097
Bart,122556552227000,0.3878606558,5.1786584854,8.6526451111
Bart,122556562241000,0.4309562743,5.3007621765,8.5880012512
Bart,122556573926000,0.4908113182,5.4444146156,8.5449056625
Bart,122556580977000,0.5578489304,5.5401825905,8.5305404663
Bart,122556591012000,0.6153098345,5.5976433754,8.5257520676
Bart,122556601172000,0.6344634295,5.5976433754,8.4994163513
Bart,122556611111000,0.6177040339,5.5713071823,8.4228019714
Bart,122556620941000,0.6009446383,5.5641245842,8.2647848129
Bart,122556632697000,0.5841852427,5.5856728554,8.0636711121
Bart,122556642139000,0.605733037,5.6144032478,7.8194627762
Bart,122556651821000,0.6344634891,5.6503162384,7.5728602409
Bart,122556662536000,0.672770679,5.6934118271,7.3932952881
Bart,122556672156000,0.6679822803,5.7652378082,7.2927384377
Bart,122556683952000,0.6081272364,5.8250927925,7.295132637
Bart,122556692777000,0.5817909837,5.8418521881,7.3430166245
Bart,122556702536000,0.5291185975,5.7556610107,7.4124484062
Bart,122556712204000,0.490811348,5.6167974472,7.4723033905
Bart,122556722334000,0.4620808959,5.5234231949,7.4579381943
Bart,122556730934000,0.4022258818,5.4372320175,7.4268136024
Bart,122556740917000,0.3423708379,5.42765522,7.3741412163
Bart,122556752302000,0.289698422,5.4037132263,7.2927384377
Bart,122556762041000,0.2466027737,5.3390698433,7.2568254471
Bart,122556771431000,0.2035071403,5.3055510521,7.2472486496
Bart,122556782511000,0.1795651317,5.2744264603,7.2759790421
Bart,122556793794000,0.1675941199,5.2289366722,7.3717470169
Bart,122556802521000,0.1699883193,5.2217540741,7.4507555962
Bart,122556812236000,0.1604115069,5.2217540741,7.5130047798
Bart,122556822172000,0.1628057063,5.2265424728,7.5776486397
Bart,122556832541000,0.1723825186,5.2504844666,7.5728602409
Bart,122556842249000,0.1675941199,5.2624554634,7.5632834435
Bart,122556852176000,0.1651999205,5.2528786659,7.4914574623
Bart,122556862156000,0.1460463107,5.2768206596,7.3885064125
Bart,122556873922000,0.0861912593,5.3151278496,7.3047094345
Bart,122556882159000,0.0359130241,5.3510408401,7.2328834534
Bart,122556892174000,0.0071826042,5.4013190269,7.2137298584
Bart,122556903961000,0.0095768049,5.4348378181,7.1873936653
Bart,122556912519000,0.0670376495,5.4683566093,7.1849994659
Bart,122556922174000,0.1244984865,5.5042695999,7.1634516716
Bart,122556932229000,0.181959331,5.5545477867,7.1419038773
Bart,122556942149000,0.2059013397,5.5904607773,7.1227502823
Bart,122556953877000,0.2011129409,5.6167969704,7.0868372917
Bart,122556962231000,0.1915361434,5.6383447647,7.0676836967
Bart,122556972264000,0.1843535304,5.6383447647,7.0341644287
Bart,122556984032000,0.1843535304,5.6383447647,7.0174045563
Bart,122556992437000,0.1987187415,5.6455278397,6.9862804413
Bart,122557001051000,0.2370259613,5.6263742447,6.9216365814
Bart,122557011001000,0.248996973,5.5976438522,6.8689641953
Bart,122557021249000,0.2585737705,5.5784902573,6.8282632828
Bart,122557030967000,0.2466027737,5.5760960579,6.8474168777
Bart,122557040932000,0.2274491638,5.5952496529,7.0078287125
Bart,122557050966000,0.2466027737,5.5880670547,7.2352776527
Bart,122557061067000,0.256179601,5.5330004692,7.5153989792
Bart,122557070981000,0.2442085743,5.4324440956,7.8410105705
Bart,122557081069000,0.2202665508,5.3342814445,8.1738042831
Bart,122557091131000,0.1508347094,5.317522049,8.5712413788
Bart,122557101101000,0.0837970525,5.3606176376,8.9758615494
Bart,122557111977000,0.0311246198,5.4324436188,9.4140005112
Bart,122557121242000,0.0550666414,5.4875102043,9.969455719
Bart,122557131429000,0.1699883193,5.4946928024,10.6278610229
Bart,122557142597000,0.3639186621,5.4899044037,11.4179477692
Bart,122557151831000,0.6009446383,5.4755392075,12.2200050354
Bart,122557161802000,0.7422025204,5.4515972137,12.7994022369
Bart,122557173866000,0.8020575643,5.4013190269,13.1202259064
Bart,122557182631000,0.8140285611,5.3055510521,13.1848697662
Bart,122557192337000,0.8212111592,5.1738700867,13.0555820465
Bart,122557202141000,0.8906430602,5.0206408501,12.928689003
Bart,122557211137000,1.0103530884,4.8482584953,12.9023523331
Bart,122557220929000,1.1109097004,4.6758761406,12.9981212616
Bart,122557231932000,1.1827356815,4.5370121002,13.1992340088
Bart,122557241206000,1.1803414822,4.4077253342,13.362039566
Bart,122557251652000,1.1109095812,4.2544965744,13.400346756
Bart,122557262941000,0.9337387085,4.0246529579,13.1848688126
Bart,122557272206000,0.7517793179,3.7517142296,12.8329210281
Bart,122557283881000,0.4812345505,3.4572272301,12.2654953003
Bart,122557292597000,0.1915361285,3.2106244564,11.5975131989
Bart,122557302197000,-0.0311246235,3.0717606544,10.9774141312
Bart,122557312187000,-0.282515794,2.9903578758,10.3453454971
Bart,122557322606000,-0.4213795066,2.9879636765,9.8665046692
Bart,122557332174000,-0.4860229492,3.0047230721,9.5217399597
Bart,122557342181000,-0.4788403511,3.0166940689,9.33020401
Bart,122557352244000,-0.3854664564,3.0023288727,9.2033109665
Bart,122557363869000,-0.282515794,2.9544448853,9.1099376678
Bart,122557372181000,-0.1867477149,2.8898015022,8.9662857056
Bart,122557382232000,-0.1197100878,2.8203697205,8.690952301
Bart,122557393874000,-0.1221042871,2.7293899059,8.3821001053
Bart,122557402516000,-0.1268926859,2.6503810883,8.0493059158
Bart,122557412251000,-0.1699883193,2.6192564964,7.7308773994
Bart,122557422186000,-0.208295539,2.6120738983,7.5010342598
Bart,122557432157000,-0.208295539,2.6455929279,7.3406224251
Bart,122557443914000,-0.1963245273,2.6839001179,7.2424602509
Bart,122557452177000,-0.167594105,2.7006595135,7.2352776527
Bart,122557462171000,-0.141257897,2.7222073078,7.2352776527
Bart,122557473934000,-0.0909796655,2.7844567299,7.2328834534
Bart,122557482576000,-0.0095768049,2.8778305054,7.2472486496
Bart,122557492212000,0.1197100878,3.0310592651,7.2161240578
Bart,122557502264000,0.2753331661,3.2202014923,7.165845871
Bart,122557512572000,0.3734954596,3.3758244514,7.0581068993
Bart,122557522184000,0.416591078,3.476380825,6.8761472702
Bart,122557532244000,0.3734954596,3.5266590118,6.687005043
Bart,122557542166000,0.2609679997,3.5266590118,6.5241994858
Bart,122557553869000,0.1340752989,3.5529952049,6.5002574921
Bart,122557562304000,0.0143652074,3.6032733917,6.6103906631
Bart,122557572251000,-0.0454898328,3.6535518169,6.8138980865
Bart,122557583986000,-0.0454898328,3.8043866158,7.0988082886
Bart,122557592389000,0.0239420142,3.9240965843,7.2999210358
Bart,122557601021000,0.0957680717,4.0629601479,7.4387845993
Bart,122557611191000,0.1604115069,4.199429512,7.4483613968
Bart,122557621186000,0.282515794,4.2856206894,7.3765354156
Bart,122557630929000,0.4165911078,4.458003521,7.2855558395
Bart,122557640929000,0.5458779931,4.6495399475,7.1538748741
Bart,122557652331000,0.6392518282,4.8362874985,7.0413475037
Bart,122557662071000,0.6153098345,4.9416322708,6.9431848526
Bart,122557671681000,0.4788403213,4.9583916664,6.8761472702
Bart,122557682031000,0.3112462163,4.9440264702,6.8474168777
Bart,122557691869000,0.1651999056,4.9392380714,6.9072723389
Bart,122557702259000,0.062249247,4.9727568626,7.0557126999
Bart,122557712104000,0.0454898328,5.0326118469,7.2616138458
Bart,122557720946000,0.0909796655,5.1020441055,7.5153989792
Bart,122557730924000,0.1723825336,5.195417881,7.7308773994
Bart,122557742399000,0.256179601,5.3127336502,7.8290395737
Bart,122557751439000,0.3136404455,5.4085016251,7.8865003586
Bart,122557761421000,0.356736064,5.4994812012,7.9439611435
Bart,122557773256000,0.3471592665,5.5521535873,8.0038166046
Bart,122557782521000,0.3088520169,5.5784897804,8.2121124268
Bart,122557792176000,0.2729389966,5.6527104378,8.5281467438
Bart,122557802224000,0.2178723663,5.6718640327,8.9327659607
Bart,122557812534000,0.1771709323,5.6982002258,9.4331550598
Bart,122557822174000,0.1915361434,5.7101712227,9.9407253265
Bart,122557832279000,0.2298433632,5.6383452415,10.3692874908
Bart,122557842159000,0.3016694188,5.6287684441,10.7715129852
Bart,122557853517000,0.3974374831,5.7245364189,11.0516357422
Bart,122557862239000,0.4716577232,5.8633999825,11.185710907
Bart,122557872207000,0.5841852427,6.0381765366,11.2383823395
Bart,122557882191000,0.7517793179,6.0956373215,11.185710907
Bart,122557892211000,1.0319008827,5.9735331535,11.209651947
Bart,122557902166000,1.3742717505,5.8059391975,11.3580932617
Bart,122557912144000,1.6807295084,5.6335568428,11.5663890839
Bart,122557922206000,1.8674772978,5.5282115936,11.7675018311
Bart,122557932124000,1.9153614044,5.4228668213,11.8920001984
Bart,122557942126000,1.8555063009,5.2552728653,11.8967876434
Bart,122557952186000,1.7238252163,4.9320559502,11.8034152985
Bart,122557962124000,1.5394717455,4.556166172,11.6046962738
Bart,122557972121000,1.2354080677,4.2042183876,11.2766904831
Bart,122557982186000,0.8834604025,3.8810009956,10.8648872375
Bart,122557992131000,0.5147533417,3.6750996113,10.4482965469
Bart,122558002211000,0.2035071403,3.53384161,10.0819835663
Bart,122558012194000,0.0311246179,3.3925836086,9.8186206818
Bart,122558022132000,0.021547813,3.2776620388,9.6390562057
Bart,122558032112000,0.1891419291,3.1986534595,9.5265293121
Bart,122558042182000,0.4716577232,3.1818940639,9.4307613373
Bart,122558052129000,0.8427590132,3.2154130936,9.3972415924
Bart,122558062121000,1.1851297617,3.2848448753,9.3685112
Bart,122558072702000,1.4269442558,3.3614592552,9.2775325775
Bart,122558082257000,1.5634137392,3.4189200401,9.2080993652
Bart,122558092309000,1.5442601442,3.476380825,9.0357170105
Bart,122558102226000,1.4030022621,3.5362358093,8.8513631821
Bart,122558111027000,1.2066776752,3.6008794308,8.6861639023
Bart,122558120982000,0.9816226959,3.6296098232,8.5137815475
Bart,122558130969000,0.7613561749,3.6750996113,8.3366107941
Bart,122558140919000,0.5937620401,3.7062242031,8.1139497757
Bart,122558150904000,0.4357447028,3.7277719975,7.8457989693
Bart,122558163081000,0.2944868207,3.780444622,7.5130052567
Bart,122558172146000,0.1867477298,3.8235402107,7.1682400703
Bart,122558182217000,0.0981622711,3.8786067963,6.8306574821
Bart,122558192357000,0.0263362192,3.9552211761,6.5505356789
Bart,122558202522000,-0.0071826046,4.0078935623,6.3542113304
Bart,122558212349000,-0.0454898328,4.070142746,6.2321071625
Bart,122558222272000,-0.0287304223,4.1467571259,6.2009825706
Bart,122558232194000,0.0071826018,4.218583107,6.2177419662
Bart,122558242162000,0.0622492395,4.290409565,6.2584433556
Bart,122558252222000,0.1699883193,4.3574471474,6.3589997292
Bart,122558262144000,0.2394201756,4.4077253342,6.4068837166
Bart,122558272146000,0.289698422,4.4627919197,6.4068837166
Bart,122558282196000,0.3208230138,4.5489830971,6.4068837166
Bart,122558292176000,0.3399766386,4.6351747513,6.351817131
Bart,122558302157000,0.3519476354,4.6878471375,6.2895679474
Bart,122558312211000,0.3615244329,4.6998181343,6.2656259537
Bart,122558322164000,0.349553436,4.6974239349,6.2752027512
Bart,122558332161000,0.3064578176,4.6998181343,6.3182983398
Bart,122558342206000,0.2585737705,4.7477021217,6.4044895172
Bart,122558352144000,0.2250549495,4.8338932991,6.5409588814
Bart,122558362142000,0.2298433632,4.9224786758,6.6893992424
Bart,122558372199000,0.2513911724,5.0062756538,6.8162918091
Bart,122558382142000,0.2633621693,5.0804958344,6.9120597839
Bart,122558392144000,0.2633621693,5.1571102142,6.9431848526
Bart,122558402201000,0.2394201756,5.2480897903,6.9455785751
Bart,122558412146000,0.2370259762,5.3270988464,6.9886746407
Bart,122558422142000,0.2442085743,5.4468092918,7.1107792854
Bart,122558432197000,0.2753331959,5.518635273,7.2807674408
Bart,122558442149000,0.2873041928,5.5737018585,7.4627270699
Bart,122558452144000,0.2729389966,5.6120090485,7.6949644089
Bart,122558462207000,0.2681505978,5.6048259735,7.9319901466
Bart,122558472137000,0.2873041928,5.6263742447,8.2360534668
Bart,122558482142000,0.3758896589,5.647922039,8.6167316437
Bart,122558492194000,0.5027823448,5.6838350296,9.0309286118
Bart,122558502171000,0.6320692301,5.7269306183,9.4834327698
Bart,122558512156000,0.7278373241,5.8083333969,9.9359369278
Bart,122558522201000,0.8044517636,5.9448027611,10.4004125595
Bart,122558532167000,0.85473001,6.1291561127,10.8146095276
Bart,122558542151000,0.8499416113,6.3039326668,11.0707883835
Bart,122558552207000,0.8164228201,6.3925185204,11.1474027634
Bart,122558562142000,0.7733271718,6.3326630592,11.0252990723
Bart,122558572476000,0.6967127323,6.1746459007,10.8313684464
Bart,122558582534000,0.6847417355,6.0118403435,10.8026380539
Bart,122558592289000,0.7062895298,5.9064955711,10.9151649475
Bart,122558602334000,0.720654726,5.8586115837,11.2455644608
Bart,122558612216000,0.8259996176,5.7556610107,11.7507410049
Bart,122558620991000,0.9145851135,5.5497598648,12.2559175491
Bart,122558630964000,1.0295068026,5.1858410835,12.7395467758
Bart,122558640959000,1.07739079,4.7141833305,13.1058607101
Bart,122558650912000,1.0390836,4.1922473907,13.0938901901
Bart,122558660901000,0.8786720634,3.6750998497,12.7730665207
Bart,122558673027000,0.5291185975,3.2944216728,12.1697282791
Bart,122558682166000,0.1460463107,3.0909142494,11.3389396667
Bart,122558692316000,-0.2896983922,3.0526070595,10.5296993256
Bart,122558702176000,-0.6368576288,3.1196446419,9.8473510742
Bart,122558710946000,-0.8068459034,3.2034418583,9.3780879974
Bart,122558720927000,-0.8307880163,3.2537200451,9.1314849854
Bart,122558732316000,-0.6775590777,3.2585084438,9.1817626953
Bart,122558741422000,-0.4740519524,3.2297780514,9.3565406799
Bart,122558751447000,-0.2609679699,3.1603462696,9.5408935547
Bart,122558762546000,-0.107739076,3.0095114708,9.6366615295
Bart,122558772127000,-0.0766144544,2.8610711098,9.5241346359
Bart,122558782127000,-0.107739076,2.7054479122,9.2344360352
Bart,122558792186000,-0.1891419441,2.5833437443,8.8800935745
Bart,122558802131000,-0.2920926213,2.5354595184,8.456319809
Bart,122558812126000,-0.3591302633,2.5306711197,8.0588827133
Bart,122558822174000,-0.390254885,2.5785551071,7.6949644089
Bart,122558832119000,-0.3926490843,2.652775526,7.3597760201
Bart,122558842122000,-0.3830722868,2.7341783047,7.0916256905
Bart,122558852186000,-0.4141969085,2.8083984852,6.8498110771
Bart,122558862127000,-0.4644751251,2.8921957016,6.6463036537
Bart,122558872124000,-0.5363011956,2.9712042809,6.454767704
Bart,122558882181000,-0.5698199868,3.0741548538,6.325480938
Bart,122558892119000,-0.5506663918,3.1842880249,6.222530365
Bart,122558902124000,-0.4644751549,3.282450676,6.1746463776
Bart,122558912182000,-0.3375824392,3.3686418533,6.2057709694
Bart,122558922124000,-0.2250549644,3.4596214294,6.2560491562
Bart,122558932121000,-0.1436521113,3.5697548389,6.3326635361
Bart,122558942179000,-0.1244985014,3.7205893993,6.473921299
Bart,122558952127000,-0.1221042871,3.8953661919,6.5337762833
Bart,122558962116000,-0.1173158884,4.0366239548,6.6008138657
Bart,122558972174000,-0.1149216816,4.1419687271,6.6917934418
Bart,122558982157000,-0.1053448766,4.1922469139,6.7205238342
Bart,122558992131000,-0.1197100878,4.206612587,6.8330516815
Bart,122559002224000,-0.1508347094,4.2161893845,6.9743099213
Bart,122559012136000,-0.1891419291,4.2425255775,7.1012024879
Bart,122559022144000,-0.2250549495,4.2808327675,7.2472486496
Bart,122559032192000,-0.2298433483,4.3430819511,7.3358340263
Bart,122559042124000,-0.2394201607,4.4149079323,7.3645644188
Bart,122559052137000,-0.2274491489,4.5154647827,7.3406224251
Bart,122559062184000,-0.1675941199,4.6375684738,7.2831616402
Bart,122559072184000,-0.1053448766,4.7572784424,7.2161240578
Bart,122559082201000,0,4.9033250809,7.1873936653
Bart,122559092201000,0.1197100878,5.0493712425,7.2280950546
Bart,122559101014000,0.1963245273,5.1642928123,7.2903442383
Bart,122559110962000,0.2633621991,5.2648496628,7.4076600075
Bart,122559120989000,0.3088520169,5.3606176376,7.5058226585
Bart,122559130922000,0.3639186621,5.4492030144,7.6542630196
Bart,122559140926000,0.457292527,5.5497598648,7.8673467636
Bart,122559152707000,0.5841852427,5.6598930359,8.1833820343
Bart,122559161792000,0.758961916,5.7389016151,8.5664539337
Bart,122559171824000,0.940921247,5.8107275963,9.0045928955
Bart,122559182557000,1.0893616676,5.8729767799,9.5121631622
Bart,122559192784000,1.192312479,5.9160723686,10.0460700989
Bart,122559202227000,1.2258312702,5.9926867485,10.6494083405
Bart,122559212246000,1.1875240803,6.0573301315,11.1904983521
Bart,122559220989000,1.1061211824,6.1076083183,11.5951185226
Bart,122559230977000,1.0007762909,6.105214119,11.7938375473
Bart,122559240989000,0.9768342972,6.0046577454,11.8776340485
Bart,122559250926000,1.0749965906,5.8442463875,11.8824224472
Bart,122559260911000,1.2952631712,5.7101712227,11.9111528397
Bart,122559273026000,1.5993267298,5.6574988365,12.0212869644
Bart,122559282131000,1.8650830984,5.6096148491,12.1242370605
Bart,122559292126000,2.0733785629,5.5330004692,12.3038024902
Bart,122559302184000,2.202665329,5.2720322609,12.5288572311
Bart,122559312127000,2.2313959599,4.8314990997,12.6916637421
Bart,122559322121000,2.0877437592,4.3502645493,12.6677217484
Bart,122559332179000,1.766920805,3.8690299988,12.3636579514
Bart,122559342122000,1.3120225668,3.5027170181,11.7531366348
Bart,122559352121000,0.8140285611,3.2609028816,11.0229043961
Bart,122559362186000,0.4141968787,3.1435866356,10.3501338959
Bart,122559372127000,0.1915361285,3.1435866356,9.8066501617
Bart,122559382156000,0.1723825336,3.244143486,9.4930095673
Bart,122559392224000,0.3423708379,3.366247654,9.3541460037
Bart,122559402241000,0.6488286257,3.4524388313,9.3278093338
Bart,122559412122000,0.9648633003,3.5051112175,9.3876647949
Bart,122559422181000,1.2737152576,3.514688015,9.4283666611
Bart,122559432149000,1.4772225618,3.5051112175,9.4044246674
Bart,122559442132000,1.6041151285,3.4380736351,9.2966861725
Bart,122559452181000,1.632845521,3.3183634281,9.0668420792
Bart,122559462121000,1.5466543436,3.1507694721,8.7555952072
Bart,122559472156000,1.3862427473,3.0190882683,8.3892822266
Bart,122559482211000,1.1947066784,2.9520506859,7.9104423523
Bart,122559492134000,0.9720458984,2.940079689,7.4866685867
Bart,122559502121000,0.7541735172,2.9568390846,7.0748653412
Bart,122559512206000,0.5817910433,2.9448680878,6.6439094543
Bart,122559522151000,0.3639186621,2.9041666985,6.3566055298
Bart,122559532142000,0.2106897384,2.8538885117,6.0621185303
Bart,122559542206000,0.0861912519,2.8347349167,5.8059391975
Bart,122559552136000,-0.0143652074,2.8874073029,5.667075634
Bart,122559562129000,-0.0646434426,2.9855694771,5.5593361855
Bart,122559572176000,-0.0909796655,3.107673645,5.4994812012
Bart,122559582207000,-0.0814028531,3.2178070545,5.5066637993
Bart,122559592224000,-0.0526724383,3.3327286243,5.537788868
Bart,122559602229000,0.0311246216,3.4644098282,5.6407394409
Bart,122559610979000,0.1508347094,3.6080620289,5.8059391975
Bart,122559620957000,0.2801215947,3.7995979786,6.0046577454
Bart,122559631029000,0.4309563041,3.9887399673,6.1914057732
Bart,122559640929000,0.5698199868,4.1754875183,6.370970726
Bart,122559650921000,0.7062894702,4.3382930756,6.5241994858
Bart,122559662727000,0.8092401624,4.4819455147,6.694188118
Bart,122559671814000,0.8930372596,4.5992612839,6.8881187439
Bart,122559681836000,0.9289503098,4.6902413368,7.0988082886
Bart,122559692596000,0.9002198577,4.7812209129,7.3238630295
Bart,122559702254000,0.8619126081,4.8506526947,7.5249762535
Bart,122559712331000,0.8307879567,4.9057192802,7.7260890007
Bart,122559722429000,0.8475473523,4.9990930557,7.9415669441
Bart,122559730946000,0.9169791937,5.1068325043,8.2097177505
Bart,122559740931000,1.0510545969,5.2361192703,8.4970216751
Bart,122559752347000,1.211466074,5.3845596313,8.8657283783
Bart,122559761434000,1.3192051649,5.5258173943,9.2057056427
Bart,122559771406000,1.3718776703,5.6862287521,9.5073747635
Bart,122559782539000,1.3144167662,5.8394579887,9.9048128128
Bart,122559792147000,1.2641385794,5.963956356,10.3860473633
Bart,122559802131000,1.2856863737,6.021417141,11.0300884247
Bart,122559812182000,1.4317326546,5.9974751472,11.8010206223
Bart,122559822119000,1.6591818333,5.9424085617,12.464214325
Bart,122559832131000,1.836352706,5.9136781693,12.8975639343
Bart,122559857892000,1.7908629179,5.9208607674,12.5001268387
Bart,122559872114000,1.6017209291,6.021417141,11.7698955536
Bart,122559882177000,1.364694953,6.2081646919,10.9582605362
Bart,122559892152000,1.1085153818,6.4284315109,10.2136640549
Bart,122559902137000,1.0199298859,6.6199674606,10.2088756561
Bart,122559912206000,0.9864110947,6.6271500587,10.5464582443
Bart,122559922132000,0.9528923035,6.3997011185,10.9965686798
Bart,122559932131000,0.9193734527,5.9424085617,11.4418897629
Bart,122559942182000,0.8116343617,5.3678002357,11.7339830399
Bart,122559952122000,0.6320692301,4.7812209129,11.7483482361
Bart,122559962127000,0.4070143104,4.2425251007,11.5951194763
Bart,122559972182000,0.1173158884,3.8786067963,11.3030261993
Bart,122559982126000,-0.1197100803,3.6822822094,10.9941740036
Bart,122559992132000,-0.2609679699,3.6128504276,10.8026380539
Bart,122560002212000,-0.2585737705,3.6272156239,10.7092647552
Bart,122560012124000,-0.0837970674,3.6080620289,10.7667255402
Bart,122560022196000,0.1388636976,3.5577836037,10.84333992
Bart,122560032202000,0.3351882398,3.4907460213,10.8002443314
Bart,122560042157000,0.4285621047,3.3806128502,10.6134967804
Bart,122560052141000,0.4022258818,3.2561144829,10.1921167374
Bart,122560062197000,0.316034615,3.0909142494,9.5959606171
Bart,122560072146000,0.2202665508,2.9209260941,8.9184017181
Bart,122560082134000,0.1699883342,2.8155813217,8.1905632019
Bart,122560092274000,0.1532289088,2.7700912952,7.5321583748
Bart,122560102222000,0.181959331,2.7988216877,6.9551558495
Bart,122560112259000,0.215478152,2.877830267,6.4619503021
Bart,122560122299000,0.2394201756,2.978386879,6.0980319977
Bart,122560130972000,0.289698422,3.0717608929,5.8083333969
Bart,122560140956000,0.3208230138,3.1220390797,5.5521540642
Bart,122560150974000,0.3447650373,3.1411926746,5.2959747314
Bart,122560160911000,0.3256114423,3.1340100765,5.0158529282
Bart,122560170906000,0.2513911724,3.1411926746,4.7165775299
Bart,122560183007000,0.1460463107,3.2345664501,4.4891281128
Bart,122560192182000,0.033518821,3.3997664452,4.4029369354
Bart,122560202292000,-0.0407014266,3.643974781,4.4795513153
Bart,122560212382000,-0.0430956297,3.8881835938,4.6950292587
Bart,122560222474000,0.0287304204,4.0557775497,5.0182466507
Bart,122560232239000,0.1340752989,4.1922469139,5.3199162483
Bart,122560242262000,0.2250549644,4.2808327675,5.5569424629
Bart,122560252169000,0.2657563686,4.3406877518,5.7580552101
Bart,122560262142000,0.2657563686,4.4029369354,5.9160723686
Bart,122560272202000,0.2418143749,4.4484267235,6.1076083183
Bart,122560282134000,0.2202665508,4.4675803185,6.3757591248
Bart,122560292146000,0.2106897533,4.5298295021,6.6989760399
Bart,122560302226000,0.2035071552,4.6375689507,7.0676832199
Bart,122560312144000,0.2059013546,4.762067318,7.4387845993
Bart,122560322134000,0.181959331,4.9081134796,7.6997528076
Bart,122560332184000,0.1316810846,4.994304657,7.8170685768
Bart,122560342129000,0.0790086538,5.0302176476,7.7524251938
Bart,122560352119000,0.0335188247,5.0517654419,7.5728602409
Bart,122560362177000,0.0622492433,5.0852842331,7.4292082787
Bart,122560372124000,0.1532289088,5.2361192703,7.3980836868
Bart,122560382124000,0.2944867909,5.4875097275,7.5848312378
Bart,122560392182000,0.4572924972,5.7700257301,8.0062103271
Bart,122560402119000,0.6177040339,6.002263546,8.5568771362
Bart,122560412127000,0.7685387731,6.0908489227,9.1697921753
Bart,122560422179000,0.8930372596,6.0333881378,9.7396125793
Bart,122560432121000,0.9911994934,5.8873419762,10.1945114136
Bart,122560442164000,1.0582370758,5.7101712227,10.5488529205
Bart,122560452201000,1.0678138733,5.5904607773,10.8002443314
Bart,122560462137000,1.0055646896,5.5689134598,10.8792524338
Bart,122560472144000,0.9528921843,5.6551046371,10.8241853714
Bart,122560482197000,0.8882488012,5.8226985931,10.7044754028
Bart,122560492129000,0.8906430006,6.0190229416,10.6326494217
Bart,122560502127000,1.0366892815,6.2704143524,10.7092638016
Bart,122560512181000,1.2449848652,6.488286972,10.9630489349
Bart,122560522129000,1.5586252213,6.6582756042,11.4059772491
Bart,122560532127000,1.9225440025,6.6893997192,11.9255180359
Bart,122560542187000,2.2313961983,6.4763154984,12.4283008575
Bart,122560552131000,2.4085669518,6.0932435989,12.7898254395
Bart,122560562121000,2.3798365593,5.5904612541,12.8879871368
Bart,122560572187000,2.1356277466,5.0565543175,12.6365966797
Bart,122560582122000,1.7405846119,4.6064443588,12.102689743
Bart,122560592121000,1.3215992451,4.2999863625,11.4299192429
Bart,122560602259000,0.9648632407,4.1611223221,10.757147789
Bart,122560612264000,0.720654726,4.1802759171,10.2256355286
Bart,122560622276000,0.6200982332,4.2616791725,9.9335422516
Bart,122560632202000,0.6392518282,4.3143515587,9.7683429718
Bart,122560641017000,0.7254430652,4.3071689606,9.6797580719
Bart,122560650972000,0.8236053586,4.2425251007,9.5552587509
Bart,122560660969000,0.8810662031,4.1395745277,9.3134441376
Bart,122560670931000,0.8571242094,4.0054993629,8.9591026306
Bart,122560680947000,0.7900865674,3.8714241982,8.4874448776
Bart,122560692837000,0.6584054232,3.7565026283,7.9822683334
Bart,122560701916000,0.5267243385,3.6750996113,7.4986400604
Bart,122560711904000,0.3926490545,3.6846764088,7.0916256905
Bart,122560721919000,0.2777274251,3.7062242031,6.7229180336
Bart,122560731841000,0.2059013397,3.7660794258,6.4643445015
Bart,122560741817000,0.1125274822,3.8450880051,6.2728085518
Bart,122560752552000,0.0574608445,3.8857893944,6.0932435989
Bart,122560762156000,-0.0239420161,3.9384617805,5.9759273529
Bart,122560772131000,-0.0790086538,3.9839515686,5.8298811913
Bart,122560782194000,-0.117315881,4.0485949516,5.6431336403
Bart,122560792124000,-0.1460463107,4.1371803284,5.5090584755
Bart,122560802127000,-0.1460463107,4.2425251007,5.3725886345
Bart,122560812182000,-0.1723825336,4.3526587486,5.2768206596
Bart,122560822126000,-0.1939303279,4.4699745178,5.260061264
Bart,122560832124000,-0.2011129409,4.5968675613,5.3031568527
Bart,122560842181000,-0.181959331,4.7093949318,5.4013190269
Bart,122560852121000,-0.1436521113,4.7692499161,5.5545482635
Bart,122560862126000,-0.0622492433,4.7860093117,5.7101712227
Bart,122560872186000,0.0047884043,4.8099513054,5.8490347862
Bart,122560882127000,0.0430956297,4.8817772865,6.0285997391
Bart,122560892574000,0.0694318488,5.0469770432,6.2584433556
Bart,122560902189000,0.0790086538,5.2217540741,6.5864491463
Bart,122560913636000,0.055066634,5.3797712326,6.9814925194
Bart,122560922096000,0.011971008,5.4731450081,7.3310456276
Bart,122560932689000,-0.0550666414,5.4731450081,7.6111674309
Bart,122560942181000,-0.1388636976,5.4875102043,7.8386163712
Bart,122560952061000,-0.2011129409,5.5066637993,7.9918451309
Bart,122560961991000,-0.2442085743,5.564125061,8.1666221619
Bart,122560970892000,-0.2130839527,5.667075634,8.374917984
Bart,122560980926000,-0.201112926,5.7604494095,8.561665535
Bart,122560991982000,-0.2178723514,5.8514289856,8.7484130859
Bart,122561001219000,-0.248996973,5.9687447548,8.9614963531
Bart,122561011191000,-0.3040636182,6.0932435989,9.1913404465
Bart,122561022944000,-0.2657563984,6.2081651688,9.4738559723
Bart,122561032136000,-0.1364694983,6.2560491562,9.8425636292
Bart,122561042127000,0.0718260556,6.2297124863,10.235212326
Bart,122561052312000,0.2801215947,6.2081646919,10.5991306305
Bart,122561062137000,0.4094085097,6.1866168976,10.8361568451
Bart,122561072136000,0.471657753,6.1914052963,10.7978496552
Bart,122561082221000,0.4213795066,6.1985878944,10.5129404068
Bart,122561092142000,0.3136404157,6.1842226982,10.0652246475
Bart,122561102216000,0.2106897533,6.1650691032,9.5863838196
Bart,122561112282000,0.0957680643,6.2225298882,9.2559833527
Bart,122561122234000,-0.0047884034,6.3853359222,9.1290903091
Bart,122561132342000,-0.0502782352,6.6079964638,9.2224645615
Bart,122561142209000,-0.0574608408,6.7564373016,9.5600471497
Bart,122561150999000,-0.0167594142,6.6846113205,10.0939540863
Bart,122561161891000,0.0119710099,6.4164605141,10.6541976929
Bart,122561171079000,-0.0023942031,5.9998693466,11.1665563583
Bart,122561180924000,-0.107739076,5.5737018585,11.4801969528
Bart,122561190927000,-0.2513911724,5.2002062798,11.6094837189
Bart,122561202429000,-0.3782838583,4.8626236916,11.6262435913
Bart,122561211619000,-0.471657753,4.5920786858,11.520898819
Bart,122561221462000,-0.5123592019,4.4077253342,11.4155540466
Bart,122561231561000,-0.538695395,4.3287167549,11.2623243332
Bart,122561241442000,-0.5075707436,4.3071689606,11.0468463898
Bart,122561251436000,-0.450109899,4.2640728951,10.8577041626
Bart,122561262526000,-0.3471592665,4.1611223221,10.6518030167
Bart,122561272144000,-0.2418143749,4.0294413567,10.441113472
Bart,122561282126000,-0.1747767329,3.8690299988,10.235212326
Bart,122561292182000,-0.1675941199,3.6894648075,9.9981861115
Bart,122561302134000,-0.2250549644,3.5051112175,9.6821517944
Bart,122561312129000,-0.2992752194,3.3087866306,9.3038682938
Bart,122561322201000,-0.3878606558,3.1387984753,8.9064302444
Bart,122561332127000,-0.4644750953,3.0047230721,8.4204072952
Bart,122561342122000,-0.5147533417,2.9520506859,7.9200191498
Bart,122561352177000,-0.5602431297,2.9376854897,7.4124488831
Bart,122561362116000,-0.5698200464,2.9328970909,6.8976955414
Bart,122561372111000,-0.5626374483,2.9424738884,6.4667387009
Bart,122561382181000,-0.5530606508,2.9568390846,6.0956373215
Bart,122561392131000,-0.5434837937,2.978386879,5.815515995
Bart,122561402144000,-0.5530605912,3.0190882683,5.5784902573
Bart,122561412209000,-0.5746083856,3.1316158772,5.3845596313
Bart,122561422134000,-0.5985504389,3.1818940639,5.2433013916
Bart,122561432129000,-0.5985504389,3.2537202835,5.1523218155
Bart,122561442184000,-0.5746083856,3.3590650558,5.1571102142
Bart,122561452129000,-0.5003881454,3.4404678345,5.2744264603
Bart,122561462131000,-0.404620111,3.6152443886,5.4779334068
Bart,122561472192000,-0.2968810201,3.8115689754,5.7460837364
Bart,122561482124000,-0.1963245422,4.0078935623,6.1004257202
Bart,122561492127000,-0.0957680643,4.1826705933,6.4308257103
Bart,122561502181000,-0.0167594105,4.3143515587,6.7420721054
Bart,122561512146000,0.0478840359,4.4292731285,7.0533185005
Bart,122561522127000,0.1029506773,4.5322237015,7.2711906433
Bart,122561532184000,0.0981622636,4.5944728851,7.4244194031
Bart,122561542132000,0.0694318563,4.6495399475,7.4938511848
Bart,122561552142000,0.014365213,4.6902413368,7.462726593
Bart,122561562211000,-0.0526724383,4.7381253242,7.4124484062
Bart,122561572137000,-0.0766144544,4.8291049004,7.3813238144
Bart,122561582131000,-0.0478840321,4.9368438721,7.4268136024
Bart,122561592202000,0.0167594105,5.0661306381,7.5130047798
Bart,122561602217000,0.1101332754,5.207388401,7.6351094246
Bart,122561612212000,0.2226607502,5.4061079025,7.7620019913
Bart,122561622237000,0.2873041928,5.5760960579,7.869740963
Bart,122561631014000,0.3256114423,5.686229229,7.9559321404
Bart,122561640974000,0.3399766684,5.7436900139,8.0277576447
Bart,122561650984000,0.3088520467,5.7365074158,8.1115550995
Bart,122561660917000,0.2968810201,5.7460842133,8.2288703918
Bart,122561670921000,0.3088520169,5.8011507988,8.4515314102
Bart,122561682712000,0.3567360342,5.8633999825,8.7460184097
Bart,122561692101000,0.4381389022,5.9256491661,9.0476875305
Bart,122561702274000,0.5243301392,5.9950809479,9.3541460037
Bart,122561712031000,0.5889736414,6.0573301315,9.5959606171
Bart,122561720922000,0.6009446383,6.1147909164,9.7348241806
Bart,122561730931000,0.6129156351,6.1530985832,9.8449573517
Bart,122561742689000,0.5650316477,6.1435217857,9.8856582642
Bart,122561751806000,0.5147534013,6.1028203964,9.9455137253
Bart,122561761786000,0.5267243981,6.1363391876,10.1178970337
Bart,122561772542000,0.5746084452,6.2536549568,10.4482955933
Bart,122561782139000,0.7709329724,6.4547681808,11.0061454773
Bart,122561792132000,1.0821791887,6.6175737381,11.7722892761
Bart,122561802177000,1.4221558571,6.5625066757,12.5839233398
Bart,122561812116000,1.7310078144,6.3135099411,13.2950019836
Bart,122561822151000,1.9440917969,5.8274869919,13.7762355804
Bart,122561832202000,1.9823989868,5.2696380615,13.8600330353
Bart,122561842134000,1.8483237028,4.7189717293,13.6277961731
Bart,122561852132000,1.5514426231,4.2090067863,13.077129364
Bart,122561862194000,1.1492167711,3.883395195,12.2966194153
Bart,122561872134000,0.7757213116,3.6798882484,11.4442834854
Bart,122561882132000,0.5099649429,3.5936968327,10.6230726242
Bart,122561892184000,0.4141969085,3.5817258358,9.9550905228
Bart,122561902131000,0.4740519524,3.6056678295,9.5241346359
Bart,122561912132000,0.6177040339,3.634398222,9.2679548264
Bart,122561922186000,0.7637503743,3.6511576176,9.1314849854
Bart,122561932126000,0.8475474119,3.634398222,8.9926214218
Bart,122561942126000,0.8643068075,3.5721487999,8.7939023972
Bart,122561952184000,0.8044517636,3.4739866257,8.5281467438
Bart,122561962149000,0.6871359348,3.3877954483,8.1546516418
Bart,122561972137000,0.5793968439,3.3566708565,7.7835497856
Bart,122561982196000,0.490811348,3.3590650558,7.4100542068
Bart,122561992124000,0.4046200812,3.4213142395,7.0796546936
Bart,122562002167000,0.3447650373,3.5242648125,6.8186864853
Bart,122562012191000,0.2729389966,3.6008794308,6.6175737381
Bart,122562022124000,0.181959331,3.6511576176,6.4116716385
Bart,122562032134000,0.1005564705,3.6942532063,6.2440776825
Bart,122562042321000,0.0478840359,3.7421374321,6.1195793152
Bart,122562052259000,-9.313225746154785E-10,3.7948098183,6.0309939384
Bart,122562062257000,-0.0239420179,3.8642416,6.002263546
Bart,122562072266000,-0.0167594124,3.948038578,5.9926867485
Bart,122562080936000,-0.0095768068,4.0390181541,6.0429649353
Bart,122562090912000,0.0359130241,4.1539402008,6.1219739914
Bart,122562102309000,0.0861912593,4.2856211662,6.222530365
Bart,122562111501000,0.1125274748,4.3909659386,6.3398461342
Bart,122562121491000,0.1604115069,4.5082817078,6.4787096977
Bart,122562131599000,0.1963245422,4.625597477,6.603208065
Bart,122562141577000,0.2513911724,4.7477021217,6.7564368248
Bart,122562151492000,0.3615244627,4.8674120903,6.9168486595
Bart,122562162251000,0.4548982978,4.9655742645,7.0533185005
Bart,122562170949000,0.5458779931,5.0517654419,7.2233066559
Bart,122562180922000,0.6320692301,5.1188030243,7.3717470169
Bart,122562192004000,0.6607996821,5.1906294823,7.5345525742
Bart,122562201282000,0.6631938815,5.2624554634,7.6542630196
Bart,122562211239000,0.6560112834,5.343858242,7.7189064026
Bart,122562222304000,0.6296750307,5.4180784225,7.7572135925
Bart,122562231431000,0.6200982332,5.5162405968,7.7093296051
Bart,122562241436000,0.6368576288,5.6167974472,7.663839817
Bart,122562252526000,0.672770679,5.7293248177,7.6015906334
Bart,122562262142000,0.6847417355,5.8514289856,7.5345525742
Bart,122562272127000,0.6823475361,5.963956356,7.5082163811
Bart,122562282192000,0.675164938,6.0764837265,7.4866685867
Bart,122562292132000,0.6631938219,6.1961936951,7.5513124466
Bart,122562302137000,0.6967127323,6.3326635361,7.6734166145
Bart,122562312187000,0.7972692251,6.4523735046,7.9104423523
Bart,122562322126000,0.9457097054,6.5457472801,8.3030910492
Bart,122562332132000,1.1348515749,6.5840544701,8.7627782822
Bart,122562342192000,1.3048398495,6.6103906631,9.2535896301
Bart,122562352151000,1.4149731398,6.6510925293,9.6989116669
Bart,122562362141000,1.4484920502,6.7013711929,9.9646673203
Bart,122562372191000,1.3742717505,6.7061595917,10.0269165039
Bart,122562382124000,1.1803414822,6.6319389343,9.7803134918
Bart,122562392132000,0.8667010069,6.4978632927,9.3397808075
Bart,122562402212000,0.5195417404,6.3111152649,8.8705177307
Bart,122562412137000,0.1987187564,6.2105588913,8.6119441986
Bart,122562422134000,0.0143652074,6.2416834831,8.7579898834
Bart,122562432191000,0.0119710043,6.3637876511,9.2440128326
Bart,122562442132000,0.1197100878,6.4691333771,10.0748004913
Bart,122562452149000,0.2633621991,6.4427967072,11.010933876
Bart,122562462201000,0.3854664862,6.1770401001,11.9183368683
Bart,122562472131000,0.390254885,5.6479215622,12.6342029572
Bart,122562482137000,0.2657563984,4.9775452614,12.8520746231
Bart,122562492186000,0.0263362303,4.2928032875,12.5480117798
Bart,122562502139000,-0.3184288144,3.7828383446,11.786655426
Bart,122562512134000,-0.6607996225,3.5673604012,10.7810907364
Bart,122562522186000,-0.8978255987,3.6320040226,9.8856592178
Bart,122562532132000,-0.9576807022,3.9073371887,9.2799253464
Bart,122562542152000,-0.8595184088,4.2473134995,9.0979661942
Bart,122562552211000,-0.6009445786,4.4891281128,9.2655601501
Bart,122562562139000,-0.3064578474,4.6016559601,9.6510276794
Bart,122562572154000,-0.0383072346,4.5513772964,10.0987434387
Bart,122562582216000,0.181959331,4.355052948,10.421959877
Bart,122562592152000,0.2705447972,4.0821137428,10.5177278519
Bart,122562602141000,0.282515794,3.7876272202,10.3525285721
Bart,122562612199000,0.2274491638,3.4548330307,10.0317049026
Bart,122562622204000,0.1364694983,3.1723175049,9.5792007446
Bart,122562632227000,0.0239420235,3.0262711048,9.0309286118
Bart,122562642249000,-0.0885854661,2.9975404739,8.4395608902
Bart,122562651021000,-0.1651999056,3.0957028866,7.8362216949
Bart,122562660959000,-0.2178723514,3.2225954533,7.2879495621
Bart,122562670982000,-0.2202665508,3.3207578659,6.892906189
Bart,122562680927000,-0.2035071403,3.3782186508,6.5840549469
Bart,122562690929000,-0.2226607502,3.4332852364,6.3278751373
Bart,122562702732000,-0.248996973,3.4811692238,6.1028199196
Bart,122562711962000,-0.2849099934,3.5194764137,5.8897361755
Bart,122562721881000,-0.3303998411,3.5889081955,5.8059391975
Bart,122562732056000,-0.3351882398,3.6750998497,5.8418521881
Bart,122562741832000,-0.316034615,3.7732620239,5.9855041504
Bart,122562751819000,-0.2681505978,3.8929719925,6.2368955612
Bart,122562762542000,-0.2035071552,4.0126819611,6.5122289658
Bart,122562772147000,-0.134075284,4.1012678146,6.7851676941
Bart,122562782149000,-0.0718260556,4.1611227989,7.0413475037
Bart,122562792207000,-0.0383072272,4.1970357895,7.2472486496
Bart,122562802151000,-0.0335188247,4.2137951851,7.4076600075
Bart,122562812132000,-0.0646434501,4.2736501694,7.4699091911
Bart,122562822194000,-0.1125274822,4.3766007423,7.4363903999
Bart,122562832134000,-0.1436520964,4.5010995865,7.3765354156
Bart,122562842144000,-0.1723825186,4.6423568726,7.2616138458
Bart,122562852191000,-0.1843535304,4.7500963211,7.1802110672
Bart,122562862126000,-0.1628057063,4.8362874985,7.1538748741
Bart,122562872224000,-0.1580173075,4.9320554733,7.165845871
Bart,122562882337000,-0.1340752989,5.0110640526,7.2280950546
Bart,122562892241000,-0.0861912593,5.0900726318,7.3166804314
Bart,122562902291000,-0.0430956297,5.1738700867,7.4435734749
Bart,122562912226000,0.0143652111,5.2193598747,7.5082168579
Bart,122562921012000,0.0885854661,5.2720322609,7.5489177704
Bart,122562931031000,0.2035071403,5.3318872452,7.5537061691
Bart,122562941004000,0.2801215947,5.3869538307,7.5058221817
Bart,122562950917000,0.3447650373,5.4875102043,7.4603323936
Bart,122562960907000,0.3998316824,5.5617308617,7.4363903999
Bart,122562973016000,0.4285621047,5.6096148491,7.4818806648
Bart,122562982129000,0.4955997467,5.6527104378,7.599196434
Bart,122562992126000,0.5650315881,5.6574988365,7.8457994461
Bart,122563002224000,0.6200982332,5.6598930359,8.1115550995
Bart,122563012124000,0.624886632,5.6527104378,8.3605527878
Bart,122563022121000,0.6200982332,5.6311626434,8.5808191299
Bart,122563032184000,0.5961562395,5.5880670547,8.7508077621
Bart,122563042127000,0.6153098345,5.5377883911,8.9303722382
Bart,122563052124000,0.624886632,5.530605793,9.0357170105
Bart,122563062186000,0.5770025849,5.5665187836,9.0572652817
Bart,122563072122000,0.4955997467,5.6048259735,8.9878330231
Bart,122563082126000,0.3663128614,5.6622872353,8.9591026306
Bart,122563092177000,0.3711012602,5.7173538208,9.1195144653
Bart,122563102141000,0.5315127969,5.8035449982,9.634267807
Bart,122563112131000,0.8882488012,5.9663505554,10.4961805344
Bart,122563122221000,1.3551180363,6.1028199196,11.5496292114
Bart,122563132656000,1.7310076952,6.1100025177,12.624625206
Bart,122563142192000,1.9584568739,5.9041013718,13.4769611359
Bart,122563152236000,1.9057844877,5.4851160049,13.9581956863
Bart,122563161009000,1.6711528301,4.9607858658,14.0108680725
Bart,122563170967000,1.2737152576,4.4244847298,13.5870952606
Bart,122563180982000,0.8188170195,3.9887399673,12.8209505081
Bart,122563190929000,0.4764461517,3.7062244415,11.942278862
Bart,122563200932000,0.2729389966,3.598484993,11.1521921158
Bart,122563212781000,0.3327940404,3.6655230522,10.6877164841
Bart,122563221536000,0.6033388376,3.7900214195,10.5727949142
Bart,122563231461000,0.9983820915,3.8714241982,10.6948986053
Bart,122563242006000,1.3575123549,3.8666357994,10.8864345551
Bart,122563251826000,1.5610195398,3.7301661968,10.9845972061
Bart,122563261804000,1.613691926,3.4835634232,10.9151649475
Bart,122563272561000,1.5155296326,3.1818940639,10.6589851379
Bart,122563282152000,1.3215992451,2.8586769104,10.235212326
Bart,122563292147000,1.1156979799,2.6120741367,9.6989116669
Bart,122563302221000,0.921767652,2.5067293644,9.0405063629
Bart,122563312142000,0.787692368,2.5617959499,8.3821001053
Bart,122563322146000,0.7661445737,2.7126305103,7.8242511749
Bart,122563332192000,0.7733271718,2.8969841003,7.39808321
Bart,122563342144000,0.8619126081,3.078943491,7.1897873878
Bart,122563352137000,0.9768342972,3.1938650608,7.0868368149
Bart,122563362201000,1.0797849894,3.2537200451,7.0437412262
Bart,122563372144000,1.2018892765,3.2632968426,7.1012020111
Bart,122563382136000,1.2617442608,3.2345664501,7.146692276
Bart,122563392199000,1.2210428715,3.2106244564,7.2352776527
Bart,122563402132000,1.1348515749,3.2130186558,7.3741412163
Bart,122563412144000,1.0103530884,3.2297780514,7.4818806648
Bart,122563422201000,0.8667010069,3.2537200451,7.6758108139
Bart,122563432137000,0.7613561153,3.2896332741,7.8386163712
Bart,122563442136000,0.6871359348,3.3255462646,8.0014219284
Bart,122563452194000,0.6560112238,3.3446998596,8.1307086945
Bart,122563462142000,0.6895301342,3.366247654,8.2025346756
Bart,122563472137000,0.7805097699,3.3877954483,8.3102741241
Bart,122563482192000,0.8355764151,3.4213142395,8.3844947815
Bart,122563492139000,0.8571242094,3.4835634232,8.4850511551
Bart,122563502161000,0.8523358107,3.5362358093,8.6119432449
Bart,122563512217000,0.7972691655,3.5841200352,8.7364416122
Bart,122563522147000,0.7350199223,3.6104562283,8.8872766495
Bart,122563532144000,0.6775590777,3.6128504276,9.006986618
Bart,122563542199000,0.5626374483,3.5936968327,9.0500822067
Bart,122563552141000,0.4453215301,3.5793316364,9.0476884842
Bart,122563562151000,0.3639186621,3.5865142345,8.9926214218
Bart,122563572206000,0.3112462163,3.6439752579,8.9327669144
Bart,122563582139000,0.3088520169,3.7517142296,8.9184017181
Bart,122563592141000,0.3615244627,3.8762125969,8.9207954407
Bart,122563602199000,0.4501099288,4.0007109642,8.896853447
Bart,122563612142000,0.5410895944,4.0653543472,8.8441810608
Bart,122563622142000,0.6440402269,4.1132383347,8.7436246872
Bart,122563632194000,0.6775590181,4.1419687271,8.6119441986
Bart,122563642212000,0.6296750307,4.1587281227,8.4922332764
Bart,122563652237000,0.5650315881,4.1994299889,8.3773117065
Bart,122563662391000,0.4979939461,4.2377371788,8.2911205292
Bart,122563672286000,0.5315127373,4.3047747612,8.2599954605
Bart,122563682214000,0.6200982332,4.4005427361,8.3198509216
Bart,122563692264000,0.7517793179,4.4915223122,8.4467430115
Bart,122563700977000,0.8906430602,4.5657424927,8.6191263199
Bart,122563710984000,0.9504981041,4.5968670845,8.7412309647
Bart,122563720996000,0.9672574997,4.5944728851,8.8034801483
Bart,122563730934000,0.9504981041,4.6016554832,8.877699852
Bart,122563740927000,0.8954313993,4.5968670845,8.877699852
Bart,122563752702000,0.8164227605,4.5609540939,8.8441810608
Bart,122563761821000,0.7350199223,4.5202527046,8.7555961609
Bart,122563771804000,0.6392518282,4.4795513153,8.5449056625
Bart,122563782571000,0.5674257874,4.4747629166,8.3653402328
Bart,122563792181000,0.5458779335,4.5274353027,8.2360534668
Bart,122563802187000,0.5626374483,4.6184148788,8.2025346756
Bart,122563812219000,0.5889736414,4.7141828537,8.2959089279
Bart,122563822147000,0.6081272364,4.7644615173,8.4275894165
Bart,122563832124000,0.6153098345,4.7548847198,8.6095495224
Bart,122563842184000,0.6081272364,4.6926355362,8.7699613571
Bart,122563852131000,0.5937620401,4.6088380814,8.8489694595
Bart,122563862124000,0.5674258471,4.5609540939,8.8992481232
Bart,122563872212000,0.5410895944,4.5370121002,8.9088249207
Bart,122563882151000,0.4955997467,4.5058875084,8.9160070419
Bart,122563892117000,0.4692635238,4.4699745178,8.9782562256
Bart,122563902179000,0.4644751251,4.4101195335,9.0285348892
Bart,122563912127000,0.4261679053,4.3502645493,9.064447403
Bart,122563922124000,0.4189853072,4.3263225555,9.064447403
Bart,122563932177000,0.4261679053,4.3239283562,9.0500822067
Bart,122563942119000,0.423773706,4.3406877518,9.057264328
Bart,122563952126000,0.4309563041,4.3502645493,9.0620527267
Bart,122563962179000,0.3998316824,4.3167457581,9.0285339355
Bart,122563972117000,0.3208230138,4.2497076988,8.9327659607
Bart,122563982119000,0.2346317619,4.1706991196,8.8154506683
Bart,122563992171000,0.2130839527,4.1108441353,8.6694049835
Bart,122564002162000,0.2035071403,4.0916905403,8.5903959274
Bart,122564012131000,0.2753331959,4.1228151321,8.5856075287
Bart,122564022187000,0.3950432539,4.2114005089,8.6239147186
Bart,122564032131000,0.4932055473,4.302380085,8.7316532135
Bart,122564042126000,0.6177040339,4.3909659386,8.8369979858
Bart,122564052182000,0.653617084,4.4556093216,8.9064302444
Bart,122564062116000,0.6129156351,4.4484267235,8.9327659607
Bart,122564072122000,0.5410895944,4.4101195335,8.9327659607
Bart,122564082184000,0.4477157295,4.3598413467,8.927977562
Bart,122564092124000,0.3998316824,4.3095631599,8.9231891632
Bart,122564102126000,0.383072257,4.2856211662,8.9303722382
Bart,122564112182000,0.423773706,4.3143515587,8.9207954407
Bart,122564122116000,0.517147541,4.3670239449,8.9231891632
Bart,122564132124000,0.5985504389,4.438849926,8.8992471695
Bart,122564142176000,0.6655880809,4.4915223122,8.8250274658
Bart,122564152629000,0.6847417355,4.5058875084,8.7220773697
Bart,122564162634000,0.6823475361,4.4795513153,8.4323787689
Bart,122564172227000,0.6105214357,4.5178585052,8.3294286728
Bart,122564181012000,0.5410895944,4.6016559601,8.2887268066
Bart,122564190984000,0.4979939759,4.7070007324,8.3629465103
Bart,122564201029000,0.4668693244,4.8147397041,8.6981344223
Bart,122564211127000,0.5051765442,4.8099513054,8.9136123657
Bart,122564220984000,0.5219359994,4.7477016449,9.0692358017
Bart,122564230987000,0.5147534013,4.6543278694,9.1650037766
Bart,122564240926000,0.4381389022,4.5801076889,9.0859947205
Bart,122564250917000,0.3399766386,4.5202527046,8.9447374344
Bart,122564260951000,0.2561795712,4.4699745178,8.8274211884
Bart,122564273994000,0.1771709323,4.4412441254,8.722076416
